Workbook

Sheet Start Here
A1: Nirapon 90-Day Safety Reporting Workbook | B1: Nirapon 90-Day Safety Reporting Workbook - Redesigned Prototype | C1: Nirapon 90-Day Safety Reporting Workbook - Redesigned Prototype | D1: Nirapon 90-Day Safety Reporting Workbook - Redesigned Prototype | E1: Nirapon 90-Day Safety Reporting Workbook - Redesigned Prototype | F1: Nirapon 90-Day Safety Reporting Workbook - Redesigned Prototype | G1: Nirapon 90-Day Safety Reporting Workbook - Redesigned Prototype | H1: Nirapon 90-Day Safety Reporting Workbook - Redesigned Prototype
A2: Nirapon 90-Day Safety Reporting Workbook - Redesigned Prototype | B2: Nirapon 90-Day Safety Reporting Workbook - Redesigned Prototype | C2: Nirapon 90-Day Safety Reporting Workbook - Redesigned Prototype | D2: Nirapon 90-Day Safety Reporting Workbook - Redesigned Prototype | E2: Nirapon 90-Day Safety Reporting Workbook - Redesigned Prototype | F2: Nirapon 90-Day Safety Reporting Workbook - Redesigned Prototype | G2: Nirapon 90-Day Safety Reporting Workbook - Redesigned Prototype | H2: Nirapon 90-Day Safety Reporting Workbook - Redesigned Prototype
A3: Use this workbook for short, clear 90-day status updates. Upload evidence to the existing SharePoint location as work is completed. Nirapon will issue the separate guideline defining exact evidence types and quantities. | B3: Use this workbook for short, clear 90-day status updates. Upload evidence to the existing SharePoint location as work is completed. Nirapon will issue the separate guideline defining exact evidence types and quantities. | C3: Use this workbook for short, clear 90-day status updates. Upload evidence to the existing SharePoint location as work is completed. Nirapon will issue the separate guideline defining exact evidence types and quantities. | D3: Use this workbook for short, clear 90-day status updates. Upload evidence to the existing SharePoint location as work is completed. Nirapon will issue the separate guideline defining exact evidence types and quantities. | E3: Use this workbook for short, clear 90-day status updates. Upload evidence to the existing SharePoint location as work is completed. Nirapon will issue the separate guideline defining exact evidence types and quantities. | F3: Use this workbook for short, clear 90-day status updates. Upload evidence to the existing SharePoint location as work is completed. Nirapon will issue the separate guideline defining exact evidence types and quantities. | G3: Use this workbook for short, clear 90-day status updates. Upload evidence to the existing SharePoint location as work is completed. Nirapon will issue the separate guideline defining exact evidence types and quantities. | H3: Use this workbook for short, clear 90-day status updates. Upload evidence to the existing SharePoint location as work is completed. Nirapon will issue the separate guideline defining exact evidence types and quantities.
A4: Use this workbook for short, clear 90-day status updates. Upload evidence to the existing SharePoint location as work is completed. Nirapon will issue the separate guideline defining exact evidence types and quantities. | B4: Use this workbook for short, clear 90-day status updates. Upload evidence to the existing SharePoint location as work is completed. Nirapon will issue the separate guideline defining exact evidence types and quantities. | C4: Use this workbook for short, clear 90-day status updates. Upload evidence to the existing SharePoint location as work is completed. Nirapon will issue the separate guideline defining exact evidence types and quantities. | D4: Use this workbook for short, clear 90-day status updates. Upload evidence to the existing SharePoint location as work is completed. Nirapon will issue the separate guideline defining exact evidence types and quantities. | E4: Use this workbook for short, clear 90-day status updates. Upload evidence to the existing SharePoint location as work is completed. Nirapon will issue the separate guideline defining exact evidence types and quantities. | F4: Use this workbook for short, clear 90-day status updates. Upload evidence to the existing SharePoint location as work is completed. Nirapon will issue the separate guideline defining exact evidence types and quantities. | G4: Use this workbook for short, clear 90-day status updates. Upload evidence to the existing SharePoint location as work is completed. Nirapon will issue the separate guideline defining exact evidence types and quantities. | H4: Use this workbook for short, clear 90-day status updates. Upload evidence to the existing SharePoint location as work is completed. Nirapon will issue the separate guideline defining exact evidence types and quantities.
A6: Factory workflow | B6: Factory workflow | C6: Factory workflow | D6: Factory workflow | E6: Factory workflow | F6: Factory workflow | G6: Factory workflow | H6: Factory workflow
A7: Step | B7: Factory action | F7: Expected result
A8: 1 | B8: SharePoint: Upload supporting evidence in the relevant SharePoint folder as work occurs. | F8: Evidence remains traceable without bulk uploading.
A9: 2 | B9: Facility Profile' Tab: Complete Facility Profile, contacts and declarations. | F9: Identity, complexity, responsible people and reporting period are clear.
A10: 3 | B10: 90-Day Workbook' Tab: Complete Columns G (mandatory) and H (optional) for all 39 controls. | F10: Every control has a factory status and short factory feedback.
A11: 4 | B11: Priority Action Tracker' Tab: Check the Action Tracker and update progress on priority actions Columns H (Mandatory). | F11: Open issues show owners, dates and progress.
A12: 5 | B12: Review the 'Dashboard' Tab and receive the usual 90-day report. | F12: The cycle continues with current priorities visible at a glance.
A14: Analyst workflow | B14: Analyst workflow | C14: Analyst workflow | D14: Analyst workflow | E14: Analyst workflow | F14: Analyst workflow | G14: Analyst workflow | H14: Analyst workflow
A15: Step | B15: Analyst action | F15: Expected result
A16: 1 | B16: Check Dashboard review readiness; notify the factory if incomplete. | F16: Submission gaps are addressed before review.
A17: 2 | B17: Review Facility Profile updates and the SharePoint evidence. | F17: Static risks and material changes are understood.
A18: 3 | B18: Review the work of factory every 90-Day as usual, prioritize review on factory declared items and complete Column J where applicable in the 90-Day Workbook. | F18: Priority actions are identified.
A19: 4 | B19: Add only the most significant issues to the Priority Action Tracker and give a verdict. | F19: Priority actions remain trackable over multiple cycles.
A20: 5 | B20: Generate and share the usual 90-day report. | F20: Factories and members receive the established report output.
A22: Working principles | B22: Working principles | C22: Working principles | D22: Working principles | E22: Working principles | F22: Working principles | G22: Working principles | H22: Working principles
A23: Use plain English | C23: Answer the control as written. Keep updates short unless an issue needs explanation.
A24: Declare every cycle | C24: Select a status for every control, including not applicable or uncertainty.
A25: Do not hide issues | C25: Use Issue identified, Overdue, Critical issue / unsafe condition or Unsure when applicable.
A26: Evidence remains in SharePoint | C26: Do not enter evidence in the 90-Day Workbook. The workbook records status and feedback; evidence remains in the established SharePoint folders.
A27: Dashboard is not a score | C27: It is a live view of readiness, updates, review triggers and priority actions.
A34: Colour Coding | B34: Future enhancements - not part of this workbook release | C34: Future enhancements - not part of this workbook release | D34: Future enhancements - not part of this workbook release | E34: Future enhancements - not part of this workbook release | F34: Future enhancements - not part of this workbook release | G34: Future enhancements - not part of this workbook release | H34: Future enhancements - not part of this workbook release
C35: Factory must fill and check whether these fields are correct or not
C36: Factory can fill these fields to explain something
C37: Nirapon will fill these fields when required

Sheet Facility Profile
A1: Facility Profile, Contacts & Reporting Declaration | B1: Facility Profile, Contacts & Reporting Declaration | C1: Facility Profile, Contacts & Reporting Declaration | D1: Facility Profile, Contacts & Reporting Declaration | E1: Facility Profile, Contacts & Reporting Declaration | F1: Facility Profile, Contacts & Reporting Declaration | G1: Facility Profile, Contacts & Reporting Declaration | H1: Facility Profile, Contacts & Reporting Declaration
A2: Facility Profile, Contacts & Reporting Declaration | B2: Facility Profile, Contacts & Reporting Declaration | C2: Facility Profile, Contacts & Reporting Declaration | D2: Facility Profile, Contacts & Reporting Declaration | E2: Facility Profile, Contacts & Reporting Declaration | F2: Facility Profile, Contacts & Reporting Declaration | G2: Facility Profile, Contacts & Reporting Declaration | H2: Facility Profile, Contacts & Reporting Declaration
A3: Field | B3: Factory entry | C3: Requirement / guidance | D3: Completion status | F3: Mandatory declaration The factory confirms that evidence reflects the current condition of safety controls. Any planned, in-progress or completed change affecting structure, fire safety, electrical systems, occupancy, production layout, machinery, utilities or building use must be declared. | G3: Mandatory declaration The factory confirms that evidence reflects the current condition of safety controls. Any planned, in-progress or completed change affecting structure, fire safety, electrical systems, occupancy, production layout, machinery, utilities or building use must be declared. | H3: Mandatory declaration The factory confirms that evidence reflects the current condition of safety controls. Any planned, in-progress or completed change affecting structure, fire safety, electrical systems, occupancy, production layout, machinery, utilities or building use must be declared.
A4: Factory name | C4: Mandatory. Use the exact registered name. | D4: =IF(B4="","Missing","Complete") -> Missing | F4: Mandatory declaration The factory confirms that evidence reflects the current condition of safety controls. Any planned, in-progress or completed change affecting structure, fire safety, electrical systems, occupancy, production layout, machinery, utilities or building use must be declared. | G4: Mandatory declaration The factory confirms that evidence reflects the current condition of safety controls. Any planned, in-progress or completed change affecting structure, fire safety, electrical systems, occupancy, production layout, machinery, utilities or building use must be declared. | H4: Mandatory declaration The factory confirms that evidence reflects the current condition of safety controls. Any planned, in-progress or completed change affecting structure, fire safety, electrical systems, occupancy, production layout, machinery, utilities or building use must be declared.
A5: FFC ID | C5: Mandatory. Use the official Nirapon FFC ID. | D5: =IF(B5="","Missing","Complete") -> Missing | F5: Mandatory declaration The factory confirms that evidence reflects the current condition of safety controls. Any planned, in-progress or completed change affecting structure, fire safety, electrical systems, occupancy, production layout, machinery, utilities or building use must be declared. | G5: Mandatory declaration The factory confirms that evidence reflects the current condition of safety controls. Any planned, in-progress or completed change affecting structure, fire safety, electrical systems, occupancy, production layout, machinery, utilities or building use must be declared. | H5: Mandatory declaration The factory confirms that evidence reflects the current condition of safety controls. Any planned, in-progress or completed change affecting structure, fire safety, electrical systems, occupancy, production layout, machinery, utilities or building use must be declared.
A6: Factory address | C6: Mandatory. | D6: =IF(B6="","Missing","Complete") -> Missing | F6: Mandatory declaration The factory confirms that evidence reflects the current condition of safety controls. Any planned, in-progress or completed change affecting structure, fire safety, electrical systems, occupancy, production layout, machinery, utilities or building use must be declared. | G6: Mandatory declaration The factory confirms that evidence reflects the current condition of safety controls. Any planned, in-progress or completed change affecting structure, fire safety, electrical systems, occupancy, production layout, machinery, utilities or building use must be declared. | H6: Mandatory declaration The factory confirms that evidence reflects the current condition of safety controls. Any planned, in-progress or completed change affecting structure, fire safety, electrical systems, occupancy, production layout, machinery, utilities or building use must be declared.
A7: Number of workers | C7: Numeric. Total workers in the full premises. | D7: =IF(B7="","Missing","Complete") -> Missing
A8: Facility description | C8: Number of building, Building Name-Number of Floor Example: 3, production building-5, utility building-1, office-3 | D8: =IF(B8="","Missing","Complete") -> Missing
A9: Main production type | C9: Select which matches closely from options given below: (can select multiple or add new) Accessories, Outdoor products, Bicycle, Footwear, Plastic, Leather, Hats, Cut to Pack, Printing, Embroidery, Knitting, Woven, Dyeing, Washing | D9: =IF(B9="","Missing","Complete") -> Missing
A10: Boiler capacity | C10: Number of boiler (Capacity for all in kg) Example: 2 (2000 kg, 500 kg) | D10: =IF(B10="","Missing","Complete") -> Missing
A11: Compressor capacity | C11: Number of compressor (Capacity for all in HP) Example: 3 (200 HP, 50 HP, 40 HP) | D11: =IF(B11="","Missing","Complete") -> Missing
A12: Generator capacity | C12: Number of generator (Capacity for all in kVA) Example: 2 (500 kVA, 750 kVA) | D12: =IF(B12="","Missing","Complete") -> Missing
A13: Transformer capacity | C13: Number of transformer (Capacity for all in kVA) Example: 1 (500 kVA) | D13: =IF(B13="","Missing","Complete") -> Missing
A14: HVAC or VRF | C14: Declare if present. | D14: =IF(B14="","Missing","Complete") -> Missing
A15: Solar panel capacity | C15: Capacity of solar panel in kw Example: Not Available | D15: =IF(B15="","Missing","Complete") -> Missing
A16: Material change declaration | C16: Select Confirmed - no change, Change declared, or Unsure. (If there is change, it should be declared in 90-Day Workbook- 9.1, 9.2 and/or 9.3) | D16: =IF(B16="","Missing","Complete") -> Missing
A17: Updated by | C17: Name and role. | D17: =IF(B17="","Missing","Complete") -> Missing
A18: Update date | C18: Use yyyy-mm-dd. | D18: =IF(B18="","Missing","Complete") -> Missing
... A20: Senior manager approval date | C20: Use yyyy-mm-dd. | D20: =IF(B20="","Missing","Complete") -> Missing
A22: Responsible persons and contacts (Insert rows if required) | B22: Responsible persons and contacts | C22: Responsible persons and contacts | D22: Responsible persons and contacts | E22: Responsible persons and contacts | F22: Responsible persons and contacts | G22: Responsible persons and contacts | H22: Responsible persons and contacts
A23: Contact role | B23: Name | C23: Email | D23: Phone | E23: Confirmed / updated | F23: Notes | G23: Completion status
A24: General Manager | G24: =IF(AND(B24<>"",C24<>"",D24<>"",E24<>""),"Complete","Missing") -> Missing
A25: Factory Manager | G25: =IF(AND(B25<>"",C25<>"",D25<>"",E25<>""),"Complete","Missing") -> Missing
A26: Key Contact for Safety Communication | G26: =IF(AND(B26<>"",C26<>"",D26<>"",E26<>""),"Complete","Missing") -> Missing
A27: Use the blank rows below only if more entries are needed. Otherwise, leave them blank.
A39: Nirapon Safety Analyst review date | C39: Update by Nirapon after reviewing this cycle.

Sheet 90-Day Workbook
A1: Section | B1: Control Code | C1: Control / Question | D1: Evidence Expectation Guidelines | E1: Guidance / Reference Link | F1: Factory Declaration | G1: Factory Feedback | H1: Priority Flag | I1: Priority Action Declaration by Analyst
A2: Comprehensive Safety Policies and Procedures depending on identified Hazard & associated Risk and adherence to those policies | B2: ="1.1" -> 1.1 | C2: Hazard Identification and Risk Assessment | D2: Annually or when any document changes: 1 current HIRA document + 1 Priority Hazard document + supporting document/ explanation for determining severity, probability, priority. | E2: https://nirapon.sharepoint.com/:f:/s/NiraponDocumentCenterbd/IgBC6yYe98hMQ5F_1gzxUuKBAR-WfcmVuPxJSO5BOZJZ9mI | H2: =IF(OR(F2="Issue identified",F2="Overdue",F2="Critical issue / unsafe condition"),"Significant",IF(OR(F2="Maintained with minor issue",F2="Unsure",F2="Changed this period",F2="Changed"),"Review","Routine")) -> Routine
A3: Comprehensive Safety Policies and Procedures depending on identified Hazard & associated Risk and adherence to those policies | B3: ="1.2" -> 1.2 | C3: Comprehensive Safety Policies and Procedures depending on identified Hazard & associated Risk | D3: Annually or when any document changes: Policies developed on safety issues and priority hazards | E3: https://nirapon.sharepoint.com/:f:/s/NiraponDocumentCenterbd/IgCI5hvwOZmfT6sQLcpqbnMEAeL9PHY8douxgzHtPnc4YQ4 | H3: =IF(OR(F3="Issue identified",F3="Overdue",F3="Critical issue / unsafe condition"),"Significant",IF(OR(F3="Maintained with minor issue",F3="Unsure",F3="Changed this period",F3="Changed"),"Review","Routine")) -> Routine
A4: Comprehensive Safety Policies and Procedures depending on identified Hazard & associated Risk and adherence to those policies | B4: ="1.3" -> 1.3 | C4: Implementation of factory's Comprehensive Safety Policies and Procedures | D4: Safety Policies: Quarterly: 3 photos of implemented control measures for each priority hazard and implemented policies + 1 relevant monitoring record for each item Incident reporting: Monthly: Register + Report + Action taken to prevent recurrence (one example) Amader Kotha helpline: Monthly: Register + Report + Action taken to prevent recurrence + 2 photos of Amader Kotha helpline cards and posters in each main building Internal Grievance: Monthly: Register + Report + Action taken to prevent recurrence (one example) | E4: https://nirapon.sharepoint.com/:f:/s/NiraponDocumentCenterbd/IgDQY6M2TBJ6R5fiuiVVdzwlAeP_k-oVbO0RAWlFwfegnL0 | H4: =IF(OR(F4="Issue identified",F4="Overdue",F4="Critical issue / unsafe condition"),"Significant",IF(OR(F4="Maintained with minor issue",F4="Unsure",F4="Changed this period",F4="Changed"),"Review","Routine")) -> Routine
A5: Schedule for Safety Management Activities | B5: ="2.1" -> 2.1 | C5: Annual training schedule and other safety management activities (safety policies communication, chemical, boiler & electrical safety trainings, fire drill, helpline implementation, BRAC safety trainings etc.) | D5: Annually or when any document changes: Annual Training Schedule | E5: https://nirapon.sharepoint.com/:f:/s/NiraponDocumentCenterbd/IgAzyAO0xIbsRLOA_D0l4PkJAZA712Z_DWVC2ecD6u4ECZU | H5: =IF(OR(F5="Issue identified",F5="Overdue",F5="Critical issue / unsafe condition"),"Significant",IF(OR(F5="Maintained with minor issue",F5="Unsure",F5="Changed this period",F5="Changed"),"Review","Routine")) -> Routine
A6: Schedule for Safety Management Activities | B6: ="2.2" -> 2.2 | C6: Annual safety maintenance schedule to cover all preventative maintenance (Structural, electrical, all engineered fire safety elements of the building including Boilers/Generators/Gas supplies and other ancillary equipment) | D6: Annually or when any document changes: Annual Maintenance Schedule | E6: https://nirapon.sharepoint.com/:f:/s/NiraponDocumentCenterbd/IgA-TOJcpaWZRp5k11b0-jE8AXDD4pKKW29oUKIZYL5akH8 | H6: =IF(OR(F6="Issue identified",F6="Overdue",F6="Critical issue / unsafe condition"),"Significant",IF(OR(F6="Maintained with minor issue",F6="Unsure",F6="Changed this period",F6="Changed"),"Review","Routine")) -> Routine
A7: Communication of safety policies & procedures and implementation of other safety trainings | B7: ="3.1" -> 3.1 | C7: Communication of factory's safety policies and procedures | D7: Quarterly: 2 photos of each communication methods utilized for each buildings As scheduled: 1 document on conducted training + 1 activity photo + training achievement summary - for each type of training conducted Annual: 1 document on evaluation of training effectiveness | E7: https://nirapon.sharepoint.com/:f:/s/NiraponDocumentCenterbd/IgDin7EcMfRzS6FKp_VvrcJCAZK4FR927oBkPTtM2nuojQk | H7: =IF(OR(F7="Issue identified",F7="Overdue",F7="Critical issue / unsafe condition"),"Significant",IF(OR(F7="Maintained with minor issue",F7="Unsure",F7="Changed this period",F7="Changed"),"Review","Routine")) -> Routine
A8: Communication of safety policies & procedures and implementation of other safety trainings | B8: ="3.2" -> 3.2 | C8: Implementation of other safety trainings (chemical, boiler & electrical safety trainings, fire drill, helpline implementation, BRAC safety trainings etc.) | D8: As scheduled: 1 document on conducted training + 2 activity photos (one of which should be on hands on training)- for each type of training conducted | E8: https://nirapon.sharepoint.com/:f:/s/NiraponDocumentCenterbd/IgDin7EcMfRzS6FKp_VvrcJCAZK4FR927oBkPTtM2nuojQk | H8: =IF(OR(F8="Issue identified",F8="Overdue",F8="Critical issue / unsafe condition"),"Significant",IF(OR(F8="Maintained with minor issue",F8="Unsure",F8="Changed this period",F8="Changed"),"Review","Routine")) -> Routine
A9: The Management of Hazardous Materials | B9: ="4.1" -> 4.1 | C9: Comprehensive policy for chemical management and safe management of hazardous materials for storage and use (e.g., chemical storage fire and explosion risk, storage of fuel for generators fire pumps, storage of gas cylinders, storage of raw materials and finished goods etc.) (This list is not exhaustive and managers should assess the risk of all items) | D9: Annually or when any document changes: 1 Chemical Inventory Monthly: 5 photos showing representative storage and labelling/control conditions for each storage area + 1 monitoring record + 1 photo showing representative hazardous material handling in usage areas for each type of usage. | E9: https://nirapon.sharepoint.com/:f:/s/NiraponDocumentCenterbd/IgB4PD-M6hSfTolS238lGd7HATscNDzgKedtHEshCUlDccg | H9: =IF(OR(F9="Issue identified",F9="Overdue",F9="Critical issue / unsafe condition"),"Significant",IF(OR(F9="Maintained with minor issue",F9="Unsure",F9="Changed this period",F9="Changed"),"Review","Routine")) -> Routine
A10: Fire Safety Engineering Systems Preventative Maintenance | B10: ="5.1" -> 5.1 | C10: Maintaining the Means of Egress | D10: As scheduled: 3 photos per floor per interval (1 representative exit route, 1 representative exit stair and 1 final exit/discharge point) + 1 inspection log per building. | E10: https://nirapon.sharepoint.com/:f:/s/NiraponDocumentCenterbd/IgCTkSnQaefyTp61DU5Z1-lcAboNTH2gLB-4d74NtwDpgnA | H10: =IF(OR(F10="Issue identified",F10="Overdue",F10="Critical issue / unsafe condition"),"Significant",IF(OR(F10="Maintained with minor issue",F10="Unsure",F10="Changed this period",F10="Changed"),"Review","Routine")) -> Routine
A11: Fire Safety Engineering Systems Preventative Maintenance | B11: ="5.2" -> 5.2 | C11: Maintaining the Factory Fire Separation Engineered Solution | D11: As scheduled: 2 photos per floor per interval per item- fire doors/separation material/ sealed penetrations + 1 inspection record per item. | E11: https://nirapon.sharepoint.com/:f:/s/NiraponDocumentCenterbd/IgD733i-7_gJRrR0tA3erxMfAa7gvG9XlvrLa-t-fEY8huw | H11: =IF(OR(F11="Issue identified",F11="Overdue",F11="Critical issue / unsafe condition"),"Significant",IF(OR(F11="Maintained with minor issue",F11="Unsure",F11="Changed this period",F11="Changed"),"Review","Routine")) -> Routine
A12: Fire Safety Engineering Systems Preventative Maintenance | B12: ="5.3" -> 5.3 | C12: Maintenance of Fire Protection Systems | D12: As scheduled: 5 photos per item per interval for Fire pump/Hydrant/ Sprinkler (showing item condition/ functionality/ test/ measurement where applicable) and annual 1 short video of testing and maintenance per item + Inspection log per item recording works in all intervals. | E12: https://nirapon.sharepoint.com/:f:/s/NiraponDocumentCenterbd/IgArTOeMTNJKTpdWADeqSu3tAfiWHr0qQ51Or0TFjvXufEk | H12: =IF(OR(F12="Issue identified",F12="Overdue",F12="Critical issue / unsafe condition"),"Significant",IF(OR(F12="Maintained with minor issue",F12="Unsure",F12="Changed this period",F12="Changed"),"Review","Routine")) -> Routine
A13: Fire Safety Engineering Systems Preventative Maintenance | B13: ="5.4" -> 5.4 | C13: Maintenance of Fire Detection System | D13: As scheduled: 2 photos for fire detection system per interval (1 showing detector) + 2 photos for Fire Alarm Control Panel per interval + 1 short video showing functionality/test/ measurement/ synchronization + Inspection log per item recording works in all intervals. *If daily inspection is conducted, weekly evidence upload is sufficient. | E13: https://nirapon.sharepoint.com/:f:/s/NiraponDocumentCenterbd/IgBveGeXj5E_S4y3THe1Civ0AeChpSyugT3_U87DGj-Q71g | H13: =IF(OR(F13="Issue identified",F13="Overdue",F13="Critical issue / unsafe condition"),"Significant",IF(OR(F13="Maintained with minor issue",F13="Unsure",F13="Changed this period",F13="Changed"),"Review","Routine")) -> Routine
A14: Fire Safety Engineering Systems Preventative Maintenance | B14: ="5.5" -> 5.5 | C14: Fire Extinguisher Maintenance | D14: Monthly: 2 photos for fire extinguishers per building + Inspection log. | E14: https://nirapon.sharepoint.com/:f:/s/NiraponDocumentCenterbd/IgBKD5i6Fnb1SIOOimBuP-bJAXTUDeXD6dqEN95Ml3GSG7g | H14: =IF(OR(F14="Issue identified",F14="Overdue",F14="Critical issue / unsafe condition"),"Significant",IF(OR(F14="Maintained with minor issue",F14="Unsure",F14="Changed this period",F14="Changed"),"Review","Routine")) -> Routine
A15: Electrical Engineering Systems Preventative Maintenance (Includes Generator and Substation) | B15: ="6.1" -> 6.1 | C15: Inspection and maintenance of Generator, Generator room and related electrical equipment | D15: As scheduled: 5 photos per interval per generator (3 showing item condition and 2 showing functionality/test/ measurement) + Inspection log per item recording works in all intervals. As scheduled: 2 photos per interval per generator room (1 showing room condition and 1 showing special feature) + Inspection log per item recording works in all intervals. *If daily inspection is conducted, weekly evidence upload is sufficient. | E15: https://nirapon.sharepoint.com/:f:/s/NiraponDocumentCenterbd/IgAmLTMv3Wy9TZDr7c8rUJBSAVWd095V_Je_67LPHNdn31o | H15: =IF(OR(F15="Issue identified",F15="Overdue",F15="Critical issue / unsafe condition"),"Significant",IF(OR(F15="Maintained with minor issue",F15="Unsure",F15="Changed this period",F15="Changed"),"Review","Routine")) -> Routine
A16: Electrical Engineering Systems Preventative Maintenance (Includes Generator and Substation) | B16: ="6.2" -> 6.2 | C16: Inspection and maintenance of Substation and related electrical equipment | D16: As scheduled: 2 photos per interval per substation room (1 showing room condition and 1 showing special feature) + Inspection log per item recording works in all intervals. | E16: https://nirapon.sharepoint.com/:f:/s/NiraponDocumentCenterbd/IgDz3jlgoOEsR7JUCgqhtuTEAQGiqGJ0ZNdPMaufoTDqv1g | H16: =IF(OR(F16="Issue identified",F16="Overdue",F16="Critical issue / unsafe condition"),"Significant",IF(OR(F16="Maintained with minor issue",F16="Unsure",F16="Changed this period",F16="Changed"),"Review","Routine")) -> Routine
A17: Electrical Engineering Systems Preventative Maintenance (Includes Generator and Substation) | B17: ="6.3" -> 6.3 | C17: Inspection and maintenance of IPS, UPS (Used as backup power of machinery, emergency system etc.) | D17: As scheduled: 3 photos per interval per item (1 showing item condition and 2 showing functionality/test/ measurement) + Inspection log per item recording works in all intervals. | E17: https://nirapon.sharepoint.com/:f:/s/NiraponDocumentCenterbd/IgBMOLb648VoTLtNItgKH6jWAfzQqEfQyyA8UEENfT9jnP0 | H17: =IF(OR(F17="Issue identified",F17="Overdue",F17="Critical issue / unsafe condition"),"Significant",IF(OR(F17="Maintained with minor issue",F17="Unsure",F17="Changed this period",F17="Changed"),"Review","Routine")) -> Routine
A18: Electrical Engineering Systems Preventative Maintenance (Includes Generator and Substation) | B18: ="6.4" -> 6.4 | C18: Inspection and maintenance of Electrical Distribution Board | D18: As scheduled: 3 photos per interval per floor (1 showing item condition and 2 showing functionality/test/ measurement) + Inspection log per item recording works in all intervals. *If daily inspection is conducted, weekly evidence upload is sufficient. | E18: https://nirapon.sharepoint.com/:f:/s/NiraponDocumentCenterbd/IgBRiBqcY_3MR51OfrIc__a5AT-1mEjhF0ZML8KGrpg6j_Q | H18: =IF(OR(F18="Issue identified",F18="Overdue",F18="Critical issue / unsafe condition"),"Significant",IF(OR(F18="Maintained with minor issue",F18="Unsure",F18="Changed this period",F18="Changed"),"Review","Routine")) -> Routine
A19: Electrical Engineering Systems Preventative Maintenance (Includes Generator and Substation) | B19: ="6.5" -> 6.5 | C19: Periodical inspection and testing of electrical Switchgear, Transformer, ATS, COS | D19: Annually/ As scheduled: 6 photos per item (3 showing item condition and 3 showing functionality/test/ measurement) + Inspection and maintenance report per item. | E19: https://nirapon.sharepoint.com/:f:/s/NiraponDocumentCenterbd/IgCLulaLE9eFQJvQ6mmHI--yATM2YeDPsmAu1bKN-xJT3SM | H19: =IF(OR(F19="Issue identified",F19="Overdue",F19="Critical issue / unsafe condition"),"Significant",IF(OR(F19="Maintained with minor issue",F19="Unsure",F19="Changed this period",F19="Changed"),"Review","Routine")) -> Routine
A20: Electrical Engineering Systems Preventative Maintenance (Includes Generator and Substation) | B20: ="6.6" -> 6.6 | C20: Inspection and maintenance of Lightning Protection System | D20: Annually/ As scheduled: 5 photos per item per building (4 showing item condition and 1 showing functionality/test/ measurement) + Inspection log recording all works. | E20: https://nirapon.sharepoint.com/:f:/s/NiraponDocumentCenterbd/IgDCz-UqJ0k9TajWsoLiB0l8AeEc_4wjR5eiPBwuuF7fhoM | H20: =IF(OR(F20="Issue identified",F20="Overdue",F20="Critical issue / unsafe condition"),"Significant",IF(OR(F20="Maintained with minor issue",F20="Unsure",F20="Changed this period",F20="Changed"),"Review","Routine")) -> Routine
A21: Electrical Engineering Systems Preventative Maintenance (Includes Generator and Substation) | B21: ="6.7" -> 6.7 | C21: Thermographic Scan | D21: Triannually: 1 thermographic scan report + 1 document showing actions taken if hot point noted. | E21: https://nirapon.sharepoint.com/:f:/s/NiraponDocumentCenterbd/IgDiX-MuLSKAQJIngrgjWlpEAY9kg1CENgniDhkzdrn4Kfk | H21: =IF(OR(F21="Issue identified",F21="Overdue",F21="Critical issue / unsafe condition"),"Significant",IF(OR(F21="Maintained with minor issue",F21="Unsure",F21="Changed this period",F21="Changed"),"Review","Routine")) -> Routine
A22: Electrical Engineering Systems Preventative Maintenance (Includes Generator and Substation) | B22: ="6.8" -> 6.8 | C22: Insulation Resistance Measurement | D22: Annually: 1 insulation resistance test report covering the tested circuits/equipment. | E22: https://nirapon.sharepoint.com/:f:/s/NiraponDocumentCenterbd/IgDYZB25K3SeTrJHn8DSAQsrAQF9mpaZWKojp_Akm95UPrs | H22: =IF(OR(F22="Issue identified",F22="Overdue",F22="Critical issue / unsafe condition"),"Significant",IF(OR(F22="Maintained with minor issue",F22="Unsure",F22="Changed this period",F22="Changed"),"Review","Routine")) -> Routine
A23: Electrical Engineering Systems Preventative Maintenance (Includes Generator and Substation) | B23: ="6.9" -> 6.9 | C23: Earth Resistance Measurement | D23: Annually: 1 earth resistance test report covering the electrical system + 1 earth resistance test report covering the LPS. | E23: https://nirapon.sharepoint.com/:f:/s/NiraponDocumentCenterbd/IgA-SZMVw-cXSIoh4WBW0qe3AWMexV7cN-bIGxa3IxysYOc | H23: =IF(OR(F23="Issue identified",F23="Overdue",F23="Critical issue / unsafe condition"),"Significant",IF(OR(F23="Maintained with minor issue",F23="Unsure",F23="Changed this period",F23="Changed"),"Review","Routine")) -> Routine
A24: Electrical Engineering Systems Preventative Maintenance (Includes Generator and Substation) | B24: ="6.10" -> 6.10 | C24: Transformer Oil Test | D24: Annually: 1 transformer oil test report covering all transformers. | E24: https://nirapon.sharepoint.com/:f:/s/NiraponDocumentCenterbd/IgAOEiF9C3ISRbFGDwCT9b3IAdie_AhTztK2mmeLhm5Cl0c | H24: =IF(OR(F24="Issue identified",F24="Overdue",F24="Critical issue / unsafe condition"),"Significant",IF(OR(F24="Maintained with minor issue",F24="Unsure",F24="Changed this period",F24="Changed"),"Review","Routine")) -> Routine
A25: Electrical Engineering Systems Preventative Maintenance (Includes Generator and Substation) | B25: ="6.11" -> 6.11 | C25: Inspection and maintenance of Solar System | D25: As scheduled: 3 photos per interval per system (1 showing item condition and 2 showing functionality/test/ measurement) + Inspection log per system recording works in all intervals. | E25: https://nirapon.sharepoint.com/:f:/s/NiraponDocumentCenterbd/IgB_KFmlJ3ZeTba039u62TEyAQitfusM-NOEcXaHvls-93c | H25: =IF(OR(F25="Issue identified",F25="Overdue",F25="Critical issue / unsafe condition"),"Significant",IF(OR(F25="Maintained with minor issue",F25="Unsure",F25="Changed this period",F25="Changed"),"Review","Routine")) -> Routine
A26: Electrical Engineering Systems Preventative Maintenance (Includes Generator and Substation) | B26: ="6.12" -> 6.12 | C26: Electrical Load Management Program | D26: As scheduled/ quarterly: 1 load management report covering all panel boards + 10% representative photos of measured values. | E26: https://nirapon.sharepoint.com/:f:/s/NiraponDocumentCenterbd/IgDmhTgrcioNQYRlTE3LDIhtAdUS9slbcmLTCPnSb7Zii0E | H26: =IF(OR(F26="Issue identified",F26="Overdue",F26="Critical issue / unsafe condition"),"Significant",IF(OR(F26="Maintained with minor issue",F26="Unsure",F26="Changed this period",F26="Changed"),"Review","Routine")) -> Routine
A27: Electrical Engineering Systems Preventative Maintenance (Includes Generator and Substation) | B27: ="6.13" -> 6.13 | C27: Inspection and maintenance of General Electrical System | D27: As scheduled: 2 photos per interval per floor for general electrical system (showing item condition) + Inspection log per item recording works in all intervals. As scheduled: 2 photos per item for production machineries/ other critical equipment (showing item condition and 1 showing special feature) + Inspection log per item recording works in all intervals. *If daily inspection is conducted, weekly evidence upload is sufficient. | E27: https://nirapon.sharepoint.com/:f:/s/NiraponDocumentCenterbd/IgAsO9GXffguSJAKwSWl7RaUASsCTmEC4eJBC3jjsxJxgpw | H27: =IF(OR(F27="Issue identified",F27="Overdue",F27="Critical issue / unsafe condition"),"Significant",IF(OR(F27="Maintained with minor issue",F27="Unsure",F27="Changed this period",F27="Changed"),"Review","Routine")) -> Routine
A28: Structural Load Management and Preventative Maintenance Programme | B28: ="7.1" -> 7.1 | C28: Factory Floor Load Management program | D28: As scheduled: 2 photos per interval per floor for stores and production floors + Inspection log recording works in all intervals. *If daily inspection is conducted, weekly evidence upload is sufficient. | E28: https://nirapon.sharepoint.com/:f:/s/NiraponDocumentCenterbd/IgAe2v6eKWJuRKQxmA9wpAKKAas0tt_yHEO_94G1YUf8jnw | H28: =IF(OR(F28="Issue identified",F28="Overdue",F28="Critical issue / unsafe condition"),"Significant",IF(OR(F28="Maintained with minor issue",F28="Unsure",F28="Changed this period",F28="Changed"),"Review","Routine")) -> Routine
A29: Structural Load Management and Preventative Maintenance Programme | B29: ="7.2" -> 7.2 | C29: Dampness and Water Ponding Maintenance | D29: Monthly: 2 photos per roofs and areas near water source + Inspection log recording works. | E29: https://nirapon.sharepoint.com/:f:/s/NiraponDocumentCenterbd/IgDKaOqlqlGhTrX5GIgMhjaSAW4hl1utW6TD7CGLUDW-KGA | H29: =IF(OR(F29="Issue identified",F29="Overdue",F29="Critical issue / unsafe condition"),"Significant",IF(OR(F29="Maintained with minor issue",F29="Unsure",F29="Changed this period",F29="Changed"),"Review","Routine")) -> Routine
A30: Structural Load Management and Preventative Maintenance Programme | B30: ="7.3" -> 7.3 | C30: Corrosion Maintenance | D30: Monthly: 2 photos per floor for steel structures + Inspection log recording works. | E30: https://nirapon.sharepoint.com/:f:/s/NiraponDocumentCenterbd/IgCsgn37imjaSbx8BR1adT2VAc0I1iMoXGLLBZwViarsoDk | H30: =IF(OR(F30="Issue identified",F30="Overdue",F30="Critical issue / unsafe condition"),"Significant",IF(OR(F30="Maintained with minor issue",F30="Unsure",F30="Changed this period",F30="Changed"),"Review","Routine")) -> Routine
A31: Structural Load Management and Preventative Maintenance Programme | B31: ="7.4" -> 7.4 | C31: Structural Crack Maintenance | D31: Bi-monthly: 3 photos per floor (column, beam, column-beam joint) + Inspection log recording works. | E31: https://nirapon.sharepoint.com/:f:/s/NiraponDocumentCenterbd/IgDQl0PL3TeISYuYnJSzOah9AZdm1xeHo9Av7FhZhWHXKfY | H31: =IF(OR(F31="Issue identified",F31="Overdue",F31="Critical issue / unsafe condition"),"Significant",IF(OR(F31="Maintained with minor issue",F31="Unsure",F31="Changed this period",F31="Changed"),"Review","Routine")) -> Routine
A32: Structural Load Management and Preventative Maintenance Programme | B32: ="7.5" -> 7.5 | C32: Non-Structural Crack Maintenance | D32: Monthly: 2 photos per floor + Inspection log recording works. | E32: https://nirapon.sharepoint.com/:f:/s/NiraponDocumentCenterbd/IgDPPUUob5vWSJX0kap8K3cdAWlYMgUnRvD1HbmoM1r8gEI | H32: =IF(OR(F32="Issue identified",F32="Overdue",F32="Critical issue / unsafe condition"),"Significant",IF(OR(F32="Maintained with minor issue",F32="Unsure",F32="Changed this period",F32="Changed"),"Review","Routine")) -> Routine
A33: Structural Load Management and Preventative Maintenance Programme | B33: ="7.6" -> 7.6 | C33: Non-Structural Element Anchorage and Structural Bracing Maintenance | D33: Monthly: 2 photos per floor (anchorage, bracing) + Inspection log recording works. | E33: https://nirapon.sharepoint.com/:f:/s/NiraponDocumentCenterbd/IgCqQ9LCpf1_T6brY_xPRlJzATKHOrwwa8TX3yzC2aKH2kw | H33: =IF(OR(F33="Issue identified",F33="Overdue",F33="Critical issue / unsafe condition"),"Significant",IF(OR(F33="Maintained with minor issue",F33="Unsure",F33="Changed this period",F33="Changed"),"Review","Routine")) -> Routine
A34: Maintenance of other utilities - Boilers, Compressors HVAC systems, Compressed Gas cylinders and Gas Connection and Emergency Light and Exit Sign | B34: ="8.1" -> 8.1 | C34: Emergency Light and Exit Sign Maintenance | D34: Monthly: 4 photos per floor (emergency light - 1 photo of measuring and 1 photo of measurement, exit sign- 1 photo of measuring and 1 photo of measurement) + 1 inspection log. Annual: Backup test record and 4 photos of test. | E34: https://nirapon.sharepoint.com/:f:/s/NiraponDocumentCenterbd/IgCumjlrazapTJdt9jE67XzpAeTE5TBAXF5EOXAdVdEG5D4 | H34: =IF(OR(F34="Issue identified",F34="Overdue",F34="Critical issue / unsafe condition"),"Significant",IF(OR(F34="Maintained with minor issue",F34="Unsure",F34="Changed this period",F34="Changed"),"Review","Routine")) -> Routine
A35: Maintenance of other utilities - Boilers, Compressors HVAC systems, Compressed Gas cylinders and Gas Connection and Emergency Light and Exit Sign | B35: ="8.2" -> 8.2 | C35: Compressed Gas Cylinder and Gas Connection Maintenance | D35: As scheduled: 2 photos per interval per item (RMS room/ gas cylinder/ gas line - showing item condition) + Inspection log per item recording works in all intervals. | E35: https://nirapon.sharepoint.com/:f:/s/NiraponDocumentCenterbd/IgB1vSx1RWRmT5DNE_K_MQnVAfv6k41ZCVT25_Su-GEE8dI | H35: =IF(OR(F35="Issue identified",F35="Overdue",F35="Critical issue / unsafe condition"),"Significant",IF(OR(F35="Maintained with minor issue",F35="Unsure",F35="Changed this period",F35="Changed"),"Review","Routine")) -> Routine
A36: Maintenance of other utilities - Boilers, Compressors HVAC systems, Compressed Gas cylinders and Gas Connection and Emergency Light and Exit Sign | B36: ="8.3" -> 8.3 | C36: Boiler & Compressor Maintenance | D36: As scheduled: 5 photos per interval per boiler (3 showing item condition and 2 showing functionality/test/ measurement) + Inspection log per item recording works in all intervals. As scheduled: 2 photos per interval per compressor (1 showing item condition and 1 showing functionality/test/ measurement) + Inspection log per item recording works in all intervals. *If daily inspection is conducted, weekly evidence upload is sufficient. | E36: https://nirapon.sharepoint.com/:f:/s/NiraponDocumentCenterbd/IgDhoHIt3RL8QatOTrzcFe8RAe_DEEQ1YgDQoXtjOFPGxQ8 | H36: =IF(OR(F36="Issue identified",F36="Overdue",F36="Critical issue / unsafe condition"),"Significant",IF(OR(F36="Maintained with minor issue",F36="Unsure",F36="Changed this period",F36="Changed"),"Review","Routine")) -> Routine
A37: Maintenance of other utilities - Boilers, Compressors HVAC systems, Compressed Gas cylinders and Gas Connection and Emergency Light and Exit Sign | B37: ="8.4" -> 8.4 | C37: HVAC Maintenance | D37: As scheduled: 2 photos per interval per floor (1 showing item condition and 1 showing functionality/test/ measurement) + Inspection log per item recording works in all intervals. | E37: https://nirapon.sharepoint.com/:f:/s/NiraponDocumentCenterbd/IgCN_kV-kwkjTbrLfe3-78zfAXlpTgNh-u3Ynp9XamcZfIc | H37: =IF(OR(F37="Issue identified",F37="Overdue",F37="Critical issue / unsafe condition"),"Significant",IF(OR(F37="Maintained with minor issue",F37="Unsure",F37="Changed this period",F37="Changed"),"Review","Routine")) -> Routine
A38: Technical Changes & Updates | B38: ="9.1" -> 9.1 | C38: Structural changes - please identify any changes such as extension, expansion, new buildings or other layout changes that might impact the structural integrity of any buildings. (briefly define extension, expansion and new building)? | D38: Quarterly: If changed, 1 updated plan/engineer note + up to 4 photos of the affected area. If no change, 1 signed no-change declaration only. | H38: =IF(OR(F38="Issue identified",F38="Overdue",F38="Critical issue / unsafe condition"),"Significant",IF(OR(F38="Maintained with minor issue",F38="Unsure",F38="Changed this period",F38="Changed"),"Review","Routine")) -> Routine
A39: Technical Changes & Updates | B39: ="9.2" -> 9.2 | C39: Electrical changes - has there been any changes to the electrical system such as an increased power requirement, or changes in the use of any room or any extension, expansion or new building? | D39: Quarterly: If changed, 1 updated single-line/load document + up to 3 photos of affected equipment. If no change, 1 signed no-change declaration only. | H39: =IF(OR(F39="Issue identified",F39="Overdue",F39="Critical issue / unsafe condition"),"Significant",IF(OR(F39="Maintained with minor issue",F39="Unsure",F39="Changed this period",F39="Changed"),"Review","Routine")) -> Routine
A40: Technical Changes & Updates | B40: ="9.3" -> 9.3 | C40: Fire safety and engineering changes - has there been any changes in the use of rooms, changes within the original fire separation solution, fire detection and protection systems. Has there been any extension, expansion or new building added? | D40: Quarterly: If changed, 1 updated fire-safety drawing/engineer note + up to 3 photos of affected systems. If no change, 1 signed no-change declaration only. | H40: =IF(OR(F40="Issue identified",F40="Overdue",F40="Critical issue / unsafe condition"),"Significant",IF(OR(F40="Maintained with minor issue",F40="Unsure",F40="Changed this period",F40="Changed"),"Review","Routine")) -> Routine

Sheet Priority Action Tracker
A1: Action ID | B1: Control Code | C1: Section | D1: Significant Issue / Control | E1: Factory Status When Action Opened | F1: Issue Open Date | G1: Target Closure Date by Factory | H1: Issue Status

Sheet Dashboard
A1: Nirapon 90-Day Safety Reporting Dashboard | B1: Nirapon 90-Day Safety Reporting Dashboard | C1: Nirapon 90-Day Safety Reporting Dashboard | D1: Nirapon 90-Day Safety Reporting Dashboard | E1: Nirapon 90-Day Safety Reporting Dashboard | F1: Nirapon 90-Day Safety Reporting Dashboard | G1: Nirapon 90-Day Safety Reporting Dashboard | H1: Nirapon 90-Day Safety Reporting Dashboard | I1: Nirapon 90-Day Safety Reporting Dashboard | J1: Nirapon 90-Day Safety Reporting Dashboard | K1: Nirapon 90-Day Safety Reporting Dashboard | L1: Nirapon 90-Day Safety Reporting Dashboard | M1: Nirapon 90-Day Safety Reporting Dashboard | N1: Nirapon 90-Day Safety Reporting Dashboard | O1: Nirapon 90-Day Safety Reporting Dashboard | P1: Nirapon 90-Day Safety Reporting Dashboard | Q1: Measure | R1: Complete | S1: Remaining
A2: Nirapon 90-Day Safety Reporting Dashboard | B2: Nirapon 90-Day Safety Reporting Dashboard | C2: Nirapon 90-Day Safety Reporting Dashboard | D2: Nirapon 90-Day Safety Reporting Dashboard | E2: Nirapon 90-Day Safety Reporting Dashboard | F2: Nirapon 90-Day Safety Reporting Dashboard | G2: Nirapon 90-Day Safety Reporting Dashboard | H2: Nirapon 90-Day Safety Reporting Dashboard | I2: Nirapon 90-Day Safety Reporting Dashboard | J2: Nirapon 90-Day Safety Reporting Dashboard | K2: Nirapon 90-Day Safety Reporting Dashboard | L2: Nirapon 90-Day Safety Reporting Dashboard | M2: Nirapon 90-Day Safety Reporting Dashboard | N2: Nirapon 90-Day Safety Reporting Dashboard | O2: Nirapon 90-Day Safety Reporting Dashboard | P2: Nirapon 90-Day Safety Reporting Dashboard | Q2: Factory updates | R2: =COUNTIF('90-Day Workbook'!$F$2:$F$40,"<>") -> 0 | S2: =COUNTA('90-Day Workbook'!$B$2:$B$40)-R2 -> 39
A3: Factory | B3: =IF('Facility Profile'!$B$4="","",'Facility Profile'!$B$4) | D3: FFC ID | E3: =IF('Facility Profile'!$B$5="","",'Facility Profile'!$B$5) | G3: Cycle end | H3: =IF('Facility Profile'!B39="","",'Facility Profile'!B39) | J3: Review readiness | K3: =IF(AND(COUNTIF('Facility Profile'!$D$4:$D$20,"Complete")+COUNTIF('Facility Profile'!$G$24:$G$26,"Complete")=20,COUNTIF('90-Day Workbook'!$F$2:$F$40,"<>")=39),"Ready for analyst review","Factory update incomplete") -> Factory update incomplete | Q3: Analyst selections | R3: =COUNTIF('90-Day Workbook'!$I$2:$I$40,"Action required") -> 0 | S3: =COUNTA('90-Day Workbook'!$B$2:$B$40)-R3 -> 39
A5: 90-Day Workbook Reflection | B5: 90-Day Workbook Reflection | C5: 90-Day Workbook Reflection | D5: 90-Day Workbook Reflection | E5: 90-Day Workbook Reflection | F5: 90-Day Workbook Reflection | G5: 90-Day Workbook Reflection | H5: 90-Day Workbook Reflection | I5: 90-Day Workbook Reflection | Q5: Action Status | R5: Count
A6: Total controls | B6: Total controls | C6: Total controls | D6: Factory updates complete | E6: Factory updates complete | F6: Factory updates complete | G6: Factory update gaps | H6: Factory update gaps | I6: Factory update gaps | Q6: Action Required | R6: =COUNTIF('Priority Action Tracker'!$H$2:$H$40,Q6) -> 0
A7: =COUNTA('90-Day Workbook'!$B$2:$B$40) -> 39 | D7: =COUNTIF('90-Day Workbook'!$F$2:$F$40,"<>") -> 0 | G7: =A7-D7 -> 39 | Q7: Reasonable Action Taken | R7: =COUNTIF('Priority Action Tracker'!$H$2:$H$40,Q7) -> 0
A9: Significant factory flags | B9: Significant factory flags | C9: Significant factory flags | D9: Significant factory flags | E9: Analyst actions selected | F9: Analyst actions selected | G9: Analyst actions selected | H9: Analyst actions selected | I9: Analyst actions selected
A10: =COUNTIF('90-Day Workbook'!$H$2:$H$40,"Significant") -> 0 | E10: =COUNTIF('90-Day Workbook'!$I$2:$I$40,"Action required")+0 -> 0
A13: Action Tracker Reflection | B13: Action Tracker Reflection | C13: Action Tracker Reflection | D13: Action Tracker Reflection | E13: Action Tracker Reflection | F13: Action Tracker Reflection | G13: Action Tracker Reflection | H13: Action Tracker Reflection | I13: Action Tracker Reflection
A14: Total recorded actions | B14: Total recorded actions | C14: Total recorded actions | D14: Action required | E14: Not completed | F14: Not completed | G14: Reasonable action taken | H14: Completed | I14: Completed
A15: =COUNTIF('Priority Action Tracker'!$H$2:$H$40,"Action Required")+COUNTIF('Priority Action Tracker'!$H$2:$H$40,"Reasonable Action Taken") -> 0 | D15: =COUNTIF('Priority Action Tracker'!$H$2:$H$40,"Action Required") -> 0 | G15: =COUNTIF('Priority Action Tracker'!$H$2:$H$40,"Reasonable Action Taken") -> 0
A21: Factory status summary | B21: Factory status summary | D21: Analyst action summary | E21: Analyst action summary
A22: Factory Status | B22: Count | D22: Analyst Selection | E22: Count
A23: Maintained | B23: =COUNTIF('90-Day Workbook'!$F$2:$F$40,A23) -> 0 | D23: Action required | E23: =COUNTIF('90-Day Workbook'!$I$2:$I$40,D23) -> 0
A24: Maintained with minor issue | B24: =COUNTIF('90-Day Workbook'!$F$2:$F$40,A24) -> 0 | D24: No action selected | E24: =COUNTA('90-Day Workbook'!$B$2:$B$40)-E23 -> 39
A25: Issue identified | B25: =COUNTIF('90-Day Workbook'!$F$2:$F$40,A25) -> 0
A26: Overdue | B26: =COUNTIF('90-Day Workbook'!$F$2:$F$40,A26) -> 0
A27: Critical issue / unsafe condition | B27: =COUNTIF('90-Day Workbook'!$F$2:$F$40,A27) -> 0
A28: Not applicable | B28: =COUNTIF('90-Day Workbook'!$F$2:$F$40,A28) -> 0
A29: Unsure | B29: =COUNTIF('90-Day Workbook'!$F$2:$F$40,A29) -> 0
A30: No change | B30: =COUNTIF('90-Day Workbook'!$F$2:$F$40,A30) -> 0
A31: Changed / Changed this period | B31: =COUNTIF('90-Day Workbook'!$F$2:$F$40,"Changed")+COUNTIF('90-Day Workbook'!$F$2:$F$40,"Changed this period") -> 0
A33: Action Tracker Detail | B33: Action Tracker Detail | C33: Action Tracker Detail | D33: Action Tracker Detail | E33: Action Tracker Detail | F33: Action Tracker Detail
A34: Action Status | B34: Count | D34: Follow-up Visibility | E34: Count
A35: Action Required | B35: =COUNTIF('Priority Action Tracker'!$H$2:$H$40,A35) -> 0 | D35: Issue dates recorded | E35: =COUNT('Priority Action Tracker'!$F$2:$F$40) -> 0
A36: Reasonable Action Taken | B36: =COUNTIF('Priority Action Tracker'!$H$2:$H$40,A36) -> 0 | D36: Target dates recorded | E36: =COUNT('Priority Action Tracker'!$G$2:$G$40) -> 0
A37: Total Recorded | B37: =B35+B36 -> 0 | D37: Reasonable actions recorded | E37: =COUNTIF('Priority Action Tracker'!$H$2:$H$40,"Reasonable Action Taken") -> 0
D38: Due within 30 days | E38: =COUNTIFS('Priority Action Tracker'!$G$2:$G$40,">="&TODAY(),'Priority Action Tracker'!$G$2:$G$40,"<="&TODAY()+30,'Priority Action Tracker'!$H$2:$H$40,"Action Required") -> 0
D39: Overdue target dates | E39: =COUNTIFS('Priority Action Tracker'!$G$2:$G$40,">0",'Priority Action Tracker'!$G$2:$G$40,"<"&TODAY(),'Priority Action Tracker'!$H$2:$H$40,"Action Required") -> 0

Sheet Lists-Setup
A1: Factory Status | B1: Action Status | C1: Action Status | D1: Analyst Action | E1: Contact Confirmation | F1: Material Change | G1: Analyst Verdict | I1: Setting | J1: Value | K1: Permanent Record Key | L1: Recorded Order
A2: Maintained | B2: Action Required | C2: Open | D2: Action required | E2: Confirmed | F2: Confirmed - no change | G2: Accept progress | I2: Workbook version | J2: Evidence-guideline update - 2026-08-04 | K2: 1 | L2: 1
A3: Maintained with minor issue | B3: Reasonable Action Taken | C3: In progress | E3: Updated | F3: Change declared | G3: Continue action | I3: Control count | J3: 39
A4: Issue identified | C4: Overdue | E4: Change required | F4: Unsure | G4: Revise action | I4: Priority flag logic | J4: Status-based | K4: 3 | L4: 3
A5: Overdue | C5: Closed | G5: Escalate | I5: Evidence guidance | J5: Minimum evidence expectations included in the 90-Day Workbook | K5: 2 | L5: 2
A6: Critical issue / unsafe condition | C6: Cancelled | G6: Close action | I6: Source workbook | J6: 90-Day Safety Management Guidance and Monitoring Report V2.16
A7: Not applicable | I7: Source feedback | J7: 90-Day Workbook Redesign Update 3-Aug-2026
A8: Unsure | I8: Future scope | J8: Library Index, control-code realignment, online integration
A9: Changed this period
